<WaNoTemplate>
 <WaNoRoot name="Gromacs">
  <WaNoFile logical_filename="system.gro" name="Gromacs File" local="False">ForEach/${mdp_it_ITER}/Gromacs/outputs/gromacs_run.gro</WaNoFile>
  <WaNoFile logical_filename="topol.top" name="Topology File" local="False">Gromacs_System_Builder/outputs/topol.top</WaNoFile>
  <WaNoFile logical_filename="index.ndx" name="Index File" local="False">Gromacs_System_Builder/outputs/index.ndx</WaNoFile>

  <WaNoDictBox name="Parameters">
    <WaNoFloat name="Timestep (ps)">0.001</WaNoFloat>
    <WaNoInt name="Number of Steps">100000</WaNoInt>
    <WaNoDropDown name="Integrator">
      <Entry id="0" chosen="True">md</Entry>
      <Entry id="1">md-vv</Entry>
      <Entry id="2">md-vv-avek</Entry>
      <Entry id="3">sd</Entry>
      <Entry id="4">bd</Entry>
      <Entry id="5">steep</Entry>
      <Entry id="6">cg</Entry>
      <Entry id="7">l-bfgs</Entry>
      <Entry id="8">nm</Entry>
      <Entry id="9">tpi</Entry>
      <Entry id="10">tpic</Entry>
    </WaNoDropDown>
    <WaNoDropDown name="Temperature coupling">
      <Entry id="0">No</Entry>
      <Entry id="1">Berendsen</Entry>
      <Entry id="2" chosen="True">Nose-Hoover</Entry>
      <Entry id="3">Andersen</Entry>
      <Entry id="4">Andersen-massive</Entry>
      <Entry id="5">V-Rescale</Entry>
    </WaNoDropDown>
    <WaNoInt name="Reference Temperature (K)">300</WaNoInt>
    <WaNoDropDown name="Pressure coupling">
      <Entry id="0" chosen="True">no</Entry>
      <Entry id="1">Berendsen</Entry>
      <Entry id="2">Parrinello-Rahman</Entry>
      <Entry id="3">MTTK</Entry>
    </WaNoDropDown>
    <WaNoInt name="Reference Temperature (K)">300</WaNoInt>
    

    </WaNoDictBox>

   <WaNoBool name="Custom Freeze Groups">True</WaNoBool>
  <WaNoMultipleOf visibility_condition="%s == True" visibility_var_path="Custom Freeze Groups" name="Freeze groups">
    <Element id="0">
       <WaNoString name="Freeze Group Name">si_index</WaNoString>
    </Element>
  </WaNoMultipleOf>
 


   <WaNoBool name="Custom Umbrella Sampling Input">True</WaNoBool>
    <WaNoFile visibility_condition="%s == True" visibility_var_path="Custom Umbrella Sampling Input" logical_filename="us.mdp" name="Gromacs mdp File" local="False">${mdp_it}</WaNoFile> 




   <WaNoBool name="Custom Forcefield Input">False</WaNoBool>
  <WaNoMultipleOf visibility_condition="%s == True" visibility_var_path="Custom Forcefield Input" name="Custom Forcefields">
    <Element id="0">
       <WaNoString name="Forcefield Filename">Filename in Topology</WaNoString>
       <WaNoFile logical_filename="{{ wano['Custom Forcefields'][path[1]|int]['Forcefield Filename'] }}" visibility_condition="%s == True" visibility_var_path="Custom Forcefield Input" name="Forcefield" local="True">Choose Forcefield</WaNoFile>
    </Element>
  </WaNoMultipleOf>

 </WaNoRoot>
 <WaNoExecCommand>bash ./run_gromacs.sh</WaNoExecCommand>
 <WaNoInputFiles>
   <WaNoInputFile logical_filename="run_gromacs.sh">run_gromacs.sh</WaNoInputFile>
   <WaNoInputFile logical_filename="nvt.mdp">nvt.mdp</WaNoInputFile>
 </WaNoInputFiles>
 <WaNoOutputFiles>
	 <WaNoOutputFile>gromacs_run.tpr</WaNoOutputFile>
	 <WaNoOutputFile>gromacs_run.gro</WaNoOutputFile>
	 <WaNoOutputFile>gromacs_run.gro</WaNoOutputFile>
	 <WaNoOutputFile>gromacs_run.edr</WaNoOutputFile>
	 <WaNoOutputFile>gromacs_run.trr</WaNoOutputFile>
 </WaNoOutputFiles>
</WaNoTemplate>
