<WaNoTemplate>
	<WaNoRoot name="UmbrellaSampling">
		 <WaNoTabs name="Tabs">
                 <WaNoGroup name="General">

    			<WaNoDropDown name="Reaction Coordinate Type">
        		<Entry id="0" chosen="True">distance</Entry>
        		<Entry id="1">angle</Entry>
       			<Entry id="2">dihedral</Entry>
       			</WaNoDropDown>

       			<WaNoDictBox visibility_condition="'%s' == 'distance'" visibility_var_path="Tabs.General.Reaction Coordinate Type" name="distance Description">
         		<WaNoString name="Group 1 Name">ATOM INDEX 1</WaNoString>
         		<WaNoString name="Group 2 Name">ATOM INDEX 2</WaNoString>      
     			</WaNoDictBox>

     <WaNoDictBox visibility_condition="'%s' == 'angle'" visibility_var_path="Tabs.General.Reaction Coordinate Type" name="angle Description">
       <WaNoString name="Group 1 Name">ATOM INDEX 1</WaNoString>
       <WaNoString name="Group 2 Name">ATOM INDEX 2</WaNoString>
       <WaNoString name="Group 3 Name">ATOM INDEX 3</WaNoString>
       <WaNoString name="Group 4 Name">ATOM INDEX 4</WaNoString>
     </WaNoDictBox>

    <WaNoDictBox visibility_condition="'%s' == 'dihedral'" visibility_var_path="Tabs.General.Reaction Coordinate Type" name="dihedral Description">
      <WaNoString name="Group 1 Name">ATOM INDEX 1</WaNoString>
      <WaNoString name="Group 2 Name">ATOM INDEX 2</WaNoString>
      <WaNoString name="Group 3 Name">ATOM INDEX 3</WaNoString>
      <WaNoString name="Group 4 Name">ATOM INDEX 4</WaNoString>
      <WaNoString name="Group 5 Name">ATOM INDEX 5</WaNoString>
      <WaNoString name="Group 6 Name">ATOM INDEX 6</WaNoString>
   </WaNoDictBox>


<WaNoDictBox name="Umbrella Specification">
<WaNoInt name="Number of Umbrella">10</WaNoInt>
<WaNoFloat name="Reaction Coordinate Min">0.5</WaNoFloat>
<WaNoFloat name="Reaction Coordinate Max">10.5</WaNoFloat>
</WaNoDictBox>

</WaNoGroup>

<WaNoGroup name="Equilibration Run Details">


<WaNoFile logical_filename="system.gro" name="SystemMorphology">Put .gro file here</WaNoFile>
<WaNoFile logical_filename="topol.top" name="SystemTopology">Put .top file here</WaNoFile>
<WaNoFile logical_filename="index.ndx" name="SystemIndex">Put .ndx file here</WaNoFile>



<WaNoMultipleOf name="Molecular Topology">
                    <Entry id="0">
                        <WaNoFile logical_filename="mol.itp" name="MolTopology">Put .itp file here</WaNoFile>
                    </Entry>
                    <Entry id="1">
                        <WaNoFile logical_filename="mol.itp" name="MolTopology">Put .itp file here</WaNoFile>
                    </Entry>
                </WaNoMultipleOf>


</WaNoGroup>

</WaNoTabs>
</WaNoRoot>
 <WaNoExecCommand>bash script.sh</WaNoExecCommand>
 <WaNoInputFiles>
	 <WaNoInputFile logical_filename="script.sh">script.sh</WaNoInputFile>
	 <WaNoInputFile logical_filename="npt_umbrella.mdp">npt_umbrella.mdp</WaNoInputFile>
	 <WaNoInputFile logical_filename="md_umbrella.mdp">md_umbrella.mdp</WaNoInputFile>
 </WaNoInputFiles>
 <WaNoOutputFiles>
 </WaNoOutputFiles>
</WaNoTemplate>
