<WaNoTemplate>
    <WaNoRoot name="Wham">
        <WaNoScript name="Wham" logical_filename="input.script" local="True">input.script</WaNoScript>
        <WaNoChoice name="Interpreter">
           <Entry id="0" chosen="True">Bash</Entry>
           <Entry id="1">Python</Entry>
           <Entry id="2">Perl</Entry>
        </WaNoChoice>
    </WaNoRoot>
    <WaNoExecCommand>
        {% if wano["Interpreter"] == "Bash" %}bash {{ wano["Wham"] }}{% endif %}
        {% if wano["Interpreter"] == "Python" %}python {{ wano["Wham"] }}{% endif %}
        {% if wano["Interpreter"] == "Perl" %}perl {{ wano["Wham"] }}{% endif %}
    </WaNoExecCommand>
    <WaNoInputFiles>
    </WaNoInputFiles>
    <WaNoOutputFiles>
               </WaNoOutputFiles>
</WaNoTemplate>
