<WaNoTemplate>
<WaNoRoot name="Build_System">
<WaNoDictBox name="Surface_Specification">
<WaNoDropDown name="Choose Surface">
<Entry id="0" chosen="True">Graphene</Entry>
<Entry id="1">Silica</Entry>
<Entry id="2">None</Entry>
</WaNoDropDown>
</WaNoDictBox>
<WaNoDictBox name="Molecule_Specification">
<WaNoFile logical_filename="MOL.pdb" name="PDB" local="False">put structure file </WaNoFile> 
<WaNoFile logical_filename="mol.itp" name="Topology" local="False">put topology</WaNoFile>
</WaNoDictBox>

<WaNoDropDown name="Force Field">
<Entry id="0" chosen="True">amber99sb-ildn</Entry>
<Entry id="1">amber99sb</Entry>
<Entry id="2">charmm27.ff</Entry>
</WaNoDropDown>



</WaNoRoot>

 <WaNoExecCommand>bash script.sh</WaNoExecCommand>
 <WaNoInputFiles>
         <WaNoInputFile logical_filename="script.sh">script.sh</WaNoInputFile>
         <WaNoInputFile logical_filename="script_Silica.sh">script_Silica.sh</WaNoInputFile>
         <WaNoInputFile logical_filename="script_Graphene.sh">script_Graphene.sh</WaNoInputFile>
         <WaNoInputFile logical_filename="script_None.sh">script_None.sh</WaNoInputFile>
 </WaNoInputFiles>
 <WaNoOutputFiles>
         
 </WaNoOutputFiles>
<WaNoExecCommand>bash ./script.sh</WaNoExecCommand>
<WaNoInputFiles>
<WaNoInputFile logical_filename="script.sh">script.sh</WaNoInputFile>
</WaNoInputFiles>
<WaNoOutputFiles>
</WaNoOutputFiles>
</WaNoTemplate>
