<root>
  <WaNo type="Gromacs_System_Builder" uuid="e53e15c7-74bc-4766-b560-47ac2a93b88c" id="0" name="Gromacs_System_Builder"/>
  <WaNo type="Gromacs" uuid="772936f9-d1c0-45a4-bb7f-44bb100b0a24" id="1" name="Gromacs"/>
  <WaNo type="UmbrellaSampling" uuid="4d17e376-b60e-44d6-8956-f62fe7372a26" id="2" name="UmbrellaSampling"/>
  <WFControl name="ForEach" type="ForEach" is_file_iterator="True">
    <WFControl name="SubWF" type="SubWorkflow">
      <WaNo type="Gromacs" uuid="04a9cd8f-4c53-4924-b7af-d4375344704c" id="0" name="Gromacs"/>
      <WaNo type="Gromacs" uuid="4b1ea1fe-7bb7-46b9-8484-80c1af47e552" id="1" name="Gromacs_1"/>
    </WFControl>
    <FileList>
      <File>UmbrellaSampling/outputs/us_*.mdp</File>
    </FileList>
    <IterName>mdp_it</IterName>
  </WFControl>
  <WaNo type="Wham" uuid="5433aeba-22b4-4eeb-a23f-df9c9b217d72" id="4" name="Wham"/>
</root>
