<WaNoTemplate>
	<WaNoRoot name="template_US">
		 <WaNoTabs name="Tabs">
                 <WaNoGroup name="General">

    			<WaNoDropDown name="Reaction Coordinate Type">
        		<Entry id="0" chosen="True">distance</Entry>
        		<Entry id="1">angle</Entry>
       			<Entry id="2">dihedral</Entry>
       			</WaNoDropDown>

       			<WaNoDictBox visibility_condition="'%s' == 'distance'" visibility_var_path="Tabs.General.Reaction Coordinate Type" name="distance Description">
         		<WaNoString name="Group 1 Name">surface_si_index</WaNoString>
         		<WaNoString name="Group 2 Name">MOL</WaNoString>      
     			</WaNoDictBox>

     <WaNoDictBox visibility_condition="'%s' == 'angle'" visibility_var_path="Tabs.General.Reaction Coordinate Type" name="angle Description">
       <WaNoString name="Group 1 Name">ATOM INDEX 1</WaNoString>
       <WaNoString name="Group 2 Name">ATOM INDEX 2</WaNoString>
       <WaNoString name="Group 3 Name">ATOM INDEX 3</WaNoString>
       <WaNoString name="Group 4 Name">ATOM INDEX 4</WaNoString>
     </WaNoDictBox>

    <WaNoDictBox visibility_condition="'%s' == 'dihedral'" visibility_var_path="Tabs.General.Reaction Coordinate Type" name="dihedral Description">
      <WaNoString name="Group 1 Name">ATOM INDEX 1</WaNoString>
      <WaNoString name="Group 2 Name">ATOM INDEX 2</WaNoString>
      <WaNoString name="Group 3 Name">ATOM INDEX 3</WaNoString>
      <WaNoString name="Group 4 Name">ATOM INDEX 4</WaNoString>
      <WaNoString name="Group 5 Name">ATOM INDEX 5</WaNoString>
      <WaNoString name="Group 6 Name">ATOM INDEX 6</WaNoString>
   </WaNoDictBox>


<WaNoDictBox name="Umbrella Specification">
<WaNoInt name="Number of Umbrella">26</WaNoInt>
<WaNoFloat name="Umbrella Potential Strength">1000.0</WaNoFloat>
<WaNoFloat name="Reaction Coordinate Min">0.7</WaNoFloat>
<WaNoFloat name="Reaction Coordinate Max">1.5</WaNoFloat>
</WaNoDictBox>

</WaNoGroup>


</WaNoTabs>
</WaNoRoot>
 <WaNoExecCommand>bash script.sh</WaNoExecCommand>
 <WaNoInputFiles>
	 <WaNoInputFile logical_filename="script.sh">script.sh</WaNoInputFile>
 </WaNoInputFiles>
 <WaNoOutputFiles>
	 <WaNoOutputFile>us_*.mdp</WaNoOutputFile>
 </WaNoOutputFiles>
</WaNoTemplate>
