<WaNoTemplate>
<WaNoRoot name="Gromacs_System_Builder">
<WaNoDictBox name="Surface_Specification">
<WaNoDropDown name="Choose Surface">
<Entry id="0">Graphene</Entry>
<Entry id="1" chosen="True">Silica</Entry>
<Entry id="2">None</Entry>
</WaNoDropDown>
</WaNoDictBox>
<WaNoDictBox name="Molecule_Specification">
<WaNoFile logical_filename="MOL.pdb" name="PDB" local="True">/home/kn1269/research/KIT/silica/q3_4_7_OH_14pct_ion/peptides_and_ala/capped_ALA6.pdb</WaNoFile> 
</WaNoDictBox>

<WaNoDropDown name="Force Field">
<Entry id="0" chosen="True">amber99sb-ildn</Entry>
<Entry id="1">amber99sb</Entry>
<Entry id="2">charmm27.ff</Entry>
</WaNoDropDown>



</WaNoRoot>

 <WaNoExecCommand>bash script.sh</WaNoExecCommand>
 <WaNoInputFiles>
         <WaNoInputFile logical_filename="script.sh">script.sh</WaNoInputFile>
         <WaNoInputFile logical_filename="script_Silica.sh">script_Silica.sh</WaNoInputFile>
         <WaNoInputFile logical_filename="script_Graphene.sh">script_Graphene.sh</WaNoInputFile>
         <WaNoInputFile logical_filename="script_None.sh">script_None.sh</WaNoInputFile>
 </WaNoInputFiles>
 <WaNoOutputFiles>
	 <WaNoOutputFile>system.gro</WaNoOutputFile>  
	 <WaNoOutputFile>topol.top</WaNoOutputFile>
	 <WaNoOutputFile>index.ndx</WaNoOutputFile>
 </WaNoOutputFiles>
<WaNoExecCommand>bash ./script.sh</WaNoExecCommand>
<WaNoInputFiles>
	<WaNoInputFile logical_filename="script.sh">script.sh</WaNoInputFile>
	<WaNoInputFile logical_filename="acpype.py">acpype.py</WaNoInputFile>
</WaNoInputFiles>
<WaNoOutputFiles>
</WaNoOutputFiles>
</WaNoTemplate>
